location,geographycode,Employment_Status_Allcategories,Employment_Status_Part_time,Employment_Status_Full_time,Ethnic_Group_Allcategories,Ethnic_Group_White_measures,Ethnic_Group_Gypsy_Traveller_IrishTraveller,Ethnic_Group_Mixed_Multiple_ethnicgroup,Ethnic_Group_Asian_AsianBritish_Indian,Ethnic_Group_Asian_AsianBritish_Pakistani,Ethnic_Group_Asian_AsianBritish_Bangladeshi,Ethnic_Group_Asian_AsianBritish_Chinese,Ethnic_Group_Asian_AsianBritish_OtherAsian,Ethnic_Group_Black_African_Caribbean_BlackBritish,Ethnic_Group_Other_Ethnic_Group,General_Health_Allcategories,General_Health_Very_good_health,General_Health_Good_health,General_Health_Fair_health,General_Health_Bad_health,General_Health_Very_bad_health,Industry_Allcategories,Industry_agriculture_forestry_and_fishing,Industry_mining_and_quarrying,Industry_Manufacturing,Industry_electricity_gas_steam_and_airconditioning_supply,Industry_watersupply_sewerage_wastemanagement_and_remediation_activities,Industry_construction,Industry_wholesale_and_retail_traderepair_of_motor_vehicles_and_motorcycles,Industry_transport_and_storage,Industry_accommodation_and_foodservice_activities,Industry_information_and_communication,Industry_financial_and_insurance_activities,Industry_real_estate_activities,Industry_professional_scientific_and_technical_activities,Industry_administrative_and_support_service_activities,Industry_public_administration_and_defence_compulsory_social_security,Inzdustry_Education,Industry_human_health_and_social_work_activities,Industry_Other,DEATH NUMBER,TOTAL POPULATION
Adur,E07000223,22179,5070,11688,61182,58542,121,886,234,55,269,242,258,313,262,61182,26107,22373,9181,2757,764,15301,51,19,1792,244,203,2604,2658,1172,586,669,723,208,809,775,688,778,712,610,87,61182
Allerdale,E07000026,40513,10733,21473,96422,95371,14,426,81,34,91,123,148,73,61,96422,42887,33297,14210,4762,1266,24175,1177,101,5427,465,588,3885,3083,1402,1509,423,160,222,1078,853,1202,973,827,800,259,96422
Amber Valley,E07000032,55025,12390,33008,122309,119979,44,980,416,80,11,201,221,253,124,122309,53826,42795,18336,5810,1542,31524,298,113,8268,284,374,4678,4780,2160,1023,965,429,291,1591,1274,1414,1422,1199,961,306,122309
Arun,E07000224,49092,12180,23951,149518,144956,162,1502,498,107,367,412,732,538,244,149518,62774,54975,23299,6608,1862,34913,756,51,4260,224,523,5187,6134,2339,2093,1304,1091,493,1707,2022,1836,1425,1909,1559,320,149518
Ashfield,E07000170,53093,11614,34194,119497,116690,43,1059,396,97,62,232,312,472,134,119497,50253,41200,19484,6764,1796,29158,104,200,6948,348,312,4747,5113,2399,877,739,326,226,1014,1270,1384,1084,1307,760,378,119497
Ashford,E07000105,54618,12333,30492,117956,109989,531,1682,958,161,185,431,2256,1375,388,117956,56128,41385,15027,4163,1253,30334,651,42,3565,316,357,5165,4918,2422,1227,1187,1107,307,1871,1734,1551,1232,1440,1242,347,117956
Aylesbury Vale,E07000004,75310,16096,41858,174137,155945,134,3864,1872,5408,201,636,1988,3323,766,174137,89515,59530,19073,4661,1358,48033,847,50,5337,179,560,6177,8040,3088,1741,3518,1930,607,3716,2503,3427,2300,2102,1911,356,174137
Babergh,E07000200,35722,8291,18589,87740,85794,51,827,180,9,65,161,251,264,138,87740,40875,31433,11624,3023,785,22553,598,24,3570,147,265,3531,3383,1430,873,910,1067,289,1412,1058,1344,1002,873,777,204,87740
Barking and Dagenham,E09000002,58444,11851,33592,185911,108204,182,7878,7436,8007,7701,1315,5135,37140,2913,185911,87819,62720,24042,8686,2644,40277,26,25,2622,146,591,7093,6225,5114,2095,1715,1740,586,1575,3143,1844,1729,2397,1611,513,185911
Barnet,E09000003,129112,27111,61527,356386,228402,151,17169,27920,5344,2215,8259,22180,27431,17315,356386,183453,117508,39172,12197,4056,90085,37,103,3189,278,426,10401,13432,5453,5361,7074,6478,2813,10967,4228,3222,5732,5292,5599,867,356386
Barnsley,E08000016,82962,21164,46661,231221,226122,163,1630,442,211,60,440,508,1221,424,231221,96194,77649,37956,15278,4144,54347,372,436,9996,400,902,10045,9332,4221,1744,1402,1019,493,1967,2657,2739,2428,2617,1577,717,231221
Barrow-in-Furness,E07000027,31302,8560,18672,69087,67901,39,360,137,47,43,183,223,70,84,69087,29538,22865,10898,4542,1244,16552,94,145,5524,413,239,2109,1926,992,724,329,154,61,531,535,1060,526,757,433,165,69087
Basildon,E07000066,82802,18646,49225,174497,160804,873,2887,2089,436,322,584,1335,4685,482,174497,80704,60991,23145,7355,2302,44182,104,25,5378,260,627,7905,6824,4079,1359,1915,4172,453,2302,2137,1944,1339,1843,1516,555,174497
Basingstoke and Deane,E07000084,84821,15653,54671,167799,155725,163,2813,2437,389,330,1221,2338,1909,474,167799,85034,58917,18047,4559,1242,47831,482,68,5931,509,451,5839,8145,2804,1674,5573,2255,453,3401,2591,2945,1498,1585,1627,287,167799
Bassetlaw,E07000171,51829,12442,31069,112863,109798,94,996,440,287,74,180,274,520,200,112863,48326,39138,17794,5912,1693,28158,685,395,5041,611,368,3986,5103,2285,979,630,429,272,1022,1017,1533,1156,1752,894,214,112863
Bath and North East Somerset,E06000022,89861,20546,49486,176016,166415,58,2898,1116,170,219,1912,1160,1326,742,176016,88882,58849,20856,5831,1598,44083,410,95,4631,295,588,5484,6075,2160,2555,3104,1594,595,3683,1916,3149,3507,2376,1866,265,176016
Bedford,E06000055,74527,16415,44331,157479,126731,115,5386,8122,3270,3225,905,2410,6202,1113,157479,73860,56663,19812,5596,1548,39894,390,35,4760,267,462,4961,7270,3328,1592,2132,1182,474,2861,1969,2414,2362,1928,1507,479,157479
Bexley,E09000004,74670,17720,38616,231997,189338,624,5395,7047,730,777,2514,4175,19624,1773,231997,111323,80446,29015,8688,2525,57318,43,51,3784,490,684,10391,8068,5637,1972,3253,4229,869,3453,3104,4267,2512,2264,2247,579,231997
Birmingham,E08000025,488095,106198,303837,1073045,621228,408,47605,64621,144627,32532,12712,31148,96360,21804,1073045,488568,363904,148782,54105,17686,226740,275,67,30614,1419,2139,22616,38087,20073,14438,9402,8111,2937,12668,13121,9799,15515,16113,9346,2716,1073045
Blaby,E07000129,51967,10827,32821,93915,85350,101,1505,4399,281,18,435,585,900,341,93915,44615,33631,11764,3081,824,25185,163,78,4197,456,221,4022,4902,1658,790,878,817,196,1338,1014,1441,1266,986,762,208,93915
Blackburn with Darwen,E06000008,64522,15345,38483,147489,101848,161,1823,19791,17801,1525,721,1656,933,1230,147489,66991,49010,20725,8428,2335,33440,98,25,7444,153,356,3404,6459,2321,1568,1154,584,395,1329,1554,1679,1605,2206,1106,416,147489
Blackpool,E06000009,63189,15990,34339,142065,137102,237,1753,627,223,231,514,687,346,345,142065,56600,48022,23977,10346,3120,31451,61,41,3706,200,288,4015,5116,2454,3617,890,710,291,959,1622,2425,1118,2087,1851,382,142065
Bolsover,E07000033,29342,6395,18188,75866,74386,66,518,207,56,6,166,177,267,17,75866,30934,25423,12965,5152,1392,18328,168,281,3984,142,290,2669,3410,1462,617,474,272,149,615,871,859,651,843,571,222,75866
Bolton,E08000001,114946,27612,67057,276786,226431,214,4892,21665,12026,614,1423,3021,4652,1848,276786,125548,93765,39139,14465,3869,65347,153,63,9990,560,994,9103,12809,5222,2763,2282,1974,824,3422,3223,3314,3089,3326,2236,680,276786
Boston,E07000136,31094,8011,18331,64637,62529,63,664,374,148,72,130,204,278,175,64637,26298,24225,10252,3058,804,16149,1154,16,3586,86,205,1640,3216,1334,533,227,135,131,369,1041,632,519,905,420,157,64637
Bournemouth,E06000028,81141,18887,43679,183491,168579,218,4191,1940,213,408,1840,2665,1764,1673,183491,84955,63260,24866,8009,2401,47594,87,66,4821,189,350,5877,7978,3012,3889,2376,4066,795,2478,2263,1757,2522,2868,2200,376,183491
Bracknell Forest,E06000036,59267,10123,39206,113205,102436,118,2303,1989,518,134,556,2467,2189,495,113205,59320,38814,11394,2859,818,32823,83,77,2835,254,285,3893,5408,2554,1292,4092,889,377,2309,2048,2385,1394,1273,1375,157,113205
Bradford,E08000032,213515,51830,123005,522452,351884,433,12979,13555,106614,9863,2086,8031,9267,7740,522452,234133,186031,71580,23768,6940,119780,460,113,18841,607,1233,12957,22834,10039,7316,4154,5387,1367,5806,6178,5470,6643,6335,4040,1162,522452
Braintree,E07000067,57625,13101,30706,147084,141955,132,1837,625,122,190,335,726,913,249,147084,69884,52492,18291,5046,1371,39557,552,41,5530,163,491,6864,6218,3276,1245,1616,2364,507,2347,1934,2212,1445,1442,1310,402,147084
Breckland,E07000143,50487,11584,28230,130491,126912,204,1562,295,81,101,202,361,596,177,130491,55097,48663,19565,5623,1543,33117,1913,69,5830,136,483,4576,5368,2446,1162,716,733,321,1310,1526,2632,1273,1232,1391,295,130491
Brent,E09000005,115221,21089,61616,311215,112560,320,15775,58017,14381,1749,3250,28589,58632,17942,311215,149695,108169,36731,12339,4281,80561,45,69,4084,224,374,11693,14116,6708,6841,6064,3624,1407,6485,4631,2261,3614,3951,4370,792,311215
Brentwood,E07000068,33868,7386,19150,73601,68747,121,1196,939,113,172,377,749,896,291,73601,37548,24537,8565,2306,645,19281,121,9,1483,99,153,2837,2321,1161,653,1167,2887,272,1629,878,1019,935,963,694,224,73601
Brighton and Hove,E06000043,134345,29162,69941,273369,243314,198,10408,2996,649,1367,2999,3267,4188,3983,273369,134673,91970,32298,11151,3277,73383,114,45,3781,648,523,7632,9864,4519,4896,6067,5040,1269,6068,3838,3127,6055,5289,4608,405,273369
"Bristol, City of",E06000023,236098,49446,146328,428234,359233,359,15438,6547,6863,2104,3886,4255,25734,3815,428234,209024,143283,52446,18056,5425,110813,121,123,10648,660,1138,12289,16085,7470,6158,7563,6238,1277,9625,6188,6000,7721,7163,4346,565,428234
Broadland,E07000144,47264,10913,25578,124646,121751,44,1064,405,45,96,286,433,331,191,124646,55219,46106,17475,4499,1347,32512,645,161,4345,278,337,5191,5579,1963,1227,1111,1971,407,1751,1446,1892,1446,1649,1113,309,124646
Bromley,E09000006,111405,26790,56220,309392,260290,580,10897,6215,1014,1265,2768,4805,18686,2872,309392,154998,105574,36098,9904,2818,78416,98,101,3749,379,452,10762,9648,4934,2633,6026,8857,1427,7768,4291,5539,3991,3871,3890,673,309392
Bromsgrove,E07000234,39055,9126,21399,93637,89621,75,1396,1078,221,39,309,278,444,176,93637,45932,31306,11885,3484,1030,23857,215,14,3836,227,268,3273,3762,1074,858,1259,904,368,1807,1125,1255,1375,1372,865,247,93637
Broxbourne,E07000095,38867,8224,21939,93609,84383,147,2141,799,145,158,326,762,3957,791,93609,44661,33072,11544,3357,975,24280,104,7,2116,155,330,4651,4608,2476,871,1143,1264,387,1308,1385,1144,834,585,912,215,93609
Broxtowe,E07000172,38833,9022,22181,109487,101529,9,1827,1754,775,92,1135,747,933,686,109487,49831,38276,15614,4521,1245,28063,72,50,4691,385,223,3601,4724,1854,938,1405,581,252,1620,1161,1893,2332,1329,952,261,109487
Burnley,E07000117,37472,9243,22067,87059,76044,10,976,321,5924,2425,222,686,211,240,87059,37372,29286,13682,5213,1506,20309,69,14,5259,105,231,2555,3430,1231,898,538,472,216,663,961,976,863,1116,712,290,87059
Bury,E08000002,73437,17776,41208,185060,164960,72,3365,1387,9002,311,1100,1607,1893,1363,185060,87128,61634,25430,8539,2329,45419,88,44,6153,300,534,5499,8236,3543,1819,2140,1841,660,2833,2359,2680,2484,2614,1592,519,185060
Calderdale,E08000033,94704,21554,55695,203826,182707,80,2797,1130,13904,574,459,808,899,468,203826,94449,70007,28091,8929,2350,50682,240,90,9894,216,662,6680,7736,3188,1925,1828,3395,610,2525,2095,2562,2837,2489,1710,318,203826
Cambridge,E07000008,94190,17859,61955,123867,102096,109,3944,3413,742,1849,4454,3160,2097,2003,123867,67743,39600,12021,3533,970,32001,80,22,2141,72,159,1903,3338,1223,2008,3382,588,272,5028,1286,841,6004,2145,1509,121,123867
Camden,E09000007,272367,32549,193413,220338,145888,167,12322,6083,1489,12503,6493,8878,18060,8455,220338,117692,67334,22963,9174,3175,57653,31,138,1160,152,132,2569,5204,2310,3950,6410,7340,1269,10774,2342,1897,4024,3451,4500,308,220338
Cannock Chase,E07000192,38814,9805,21287,97462,95248,8,867,406,110,48,227,191,280,77,97462,42634,34133,14091,5121,1483,25245,92,57,5163,307,532,4880,4513,2154,810,603,373,184,844,1108,1311,840,824,650,265,97462
Canterbury,E07000106,66713,16134,34940,151145,140246,374,2551,1448,306,251,1436,1694,1937,902,151145,70764,52338,20211,6133,1699,33751,359,23,2466,190,306,4797,5848,2094,1978,1260,960,378,2063,1459,2350,3585,2201,1434,451,151145
Carlisle,E07000028,56652,14284,32846,107524,105284,196,535,273,109,180,337,349,147,114,107524,48593,37494,15030,4964,1443,28277,1011,73,4470,205,409,3923,5126,2957,1499,627,396,319,1058,1270,1683,1063,1235,953,319,107524
Castle Point,E07000069,25388,6914,11200,88011,85256,17,911,378,67,87,220,260,661,154,88011,38280,31786,12963,3873,1109,22405,43,18,2794,188,358,4610,3463,2047,594,797,1950,226,1106,1053,995,726,698,739,365,88011
Central Bedfordshire,E06000056,98170,20281,54513,254381,238244,478,4789,2533,442,214,1404,1809,3614,854,254381,125019,90360,29202,7672,2128,70218,626,81,9661,296,709,10982,12296,5301,2081,4318,2309,875,4638,3340,4610,3296,2006,2793,581,254381
Charnwood,E07000130,67856,14941,39121,166100,145040,74,2577,10225,428,2022,1943,1520,1327,944,166100,79906,58637,20620,5465,1472,42069,289,172,7944,453,481,5309,7354,2557,1874,1419,861,383,2675,1762,1901,3501,1540,1594,323,166100
Chelmsford,E07000070,82621,19686,47026,168310,157771,212,2646,1911,673,466,826,1086,2051,668,168310,84476,58430,19261,4778,1365,45966,339,32,4636,206,435,6453,6811,3037,1650,2405,4793,657,3538,2091,2941,2184,2107,1651,414,168310
Cheltenham,E07000078,63483,13839,37590,115732,109016,68,1878,1584,179,315,760,837,721,374,115732,57758,39722,13631,3637,984,31276,79,84,4281,352,184,3089,4637,1153,1760,2081,1750,320,2334,1491,3062,1921,1566,1132,216,115732
Cherwell,E07000177,71803,14388,44248,141868,130656,105,2560,1681,2382,184,657,1135,1961,547,141868,71403,49163,15844,4261,1197,39567,601,32,6434,193,371,4869,6710,2608,1488,2310,827,356,2697,1767,2853,2275,1357,1819,231,141868
Cheshire East,E06000049,182026,39206,107912,370127,357627,313,3873,2147,856,504,1125,1428,1402,852,370127,181595,123065,47306,14247,3914,95118,1914,289,16160,540,868,9384,15686,7221,4058,5278,3968,1256,8018,4745,3406,4480,4391,3456,909,370127
Cheshire West and Chester,E06000050,158249,37538,92117,329608,320812,213,3050,1242,336,576,935,1008,908,528,329608,159777,108967,42604,14259,4001,83031,1432,410,14583,691,1178,8819,13418,5379,4150,3499,3715,935,6532,4066,4009,3933,3492,2790,863,329608
Chesterfield,E07000034,51786,14090,29798,103788,100167,5,1094,487,334,141,367,263,782,148,103788,43274,35622,16984,6204,1704,25117,84,164,4392,176,311,3283,4639,1965,1015,1106,443,199,1111,1164,1350,1277,1583,855,207,103788
Chichester,E07000225,61226,13768,33125,113794,110084,238,1092,470,36,131,339,641,518,245,113794,54210,39771,14900,3822,1091,27815,823,43,2818,113,209,3658,4186,1364,1627,1445,943,548,2131,1558,1937,1521,1491,1400,288,113794
Chiltern,E07000005,35476,7886,17549,92635,84628,121,2040,1799,1772,120,442,913,524,276,92635,49848,30368,9433,2334,652,23819,161,72,2083,103,183,2659,3579,1285,776,2444,1545,478,3006,1234,985,1203,903,1120,183,92635
Chorley,E07000118,41674,10130,23085,107155,103776,57,1016,612,525,105,236,232,401,195,107155,51303,35705,14222,4623,1302,28281,334,41,4550,187,385,3866,4975,1662,1108,1089,639,337,1565,1447,2157,1401,1521,1017,226,107155
Christchurch,E07000048,20702,4628,11432,47752,46543,48,505,97,5,44,179,170,83,78,47752,20203,17116,7681,2208,544,10666,81,14,1253,44,95,1660,1829,703,607,502,581,211,603,482,543,503,509,446,99,47752
City of London,E09000001,356706,21552,304208,7375,5796,3,289,216,16,232,263,213,193,154,7375,4112,2374,643,190,56,2883,2,7,47,5,6,58,136,54,140,229,770,49,729,107,118,145,91,190,11,7375
Colchester,E07000071,83688,19714,47629,173074,159227,79,3152,1426,366,385,1690,2488,2575,1686,173074,84520,60279,20925,5692,1658,45396,374,67,4407,201,449,6256,7019,2970,1847,2117,2790,574,2652,2022,4563,2808,2616,1664,351,173074
Copeland,E07000029,34640,7515,22517,70603,69476,15,339,137,79,70,164,179,84,60,70603,31329,23938,10516,3760,1060,17546,503,92,4940,933,726,2724,1596,757,673,264,76,112,897,760,939,535,555,464,170,70603
Corby,E07000150,30883,5925,21191,61255,58491,28,836,348,34,138,96,166,1008,110,61255,28138,21539,8045,2697,836,16204,46,14,4877,76,170,1537,3655,1829,417,355,172,75,412,847,520,434,384,384,124,61255
Cornwall,E06000052,235859,58483,116476,532273,522213,635,4400,837,107,280,1004,1206,762,829,532273,240759,178805,79181,25907,7621,127776,5415,1448,14500,722,1602,19905,20904,7206,9575,2957,1626,1537,5985,6097,9491,6368,6937,5501,504,532273
Cotswold,E07000079,43391,9344,23051,82881,80988,87,698,218,16,38,223,299,229,85,82881,40433,29067,10220,2498,663,21988,948,117,2593,215,226,2904,3267,1005,1306,1276,799,383,1911,1085,1198,1059,692,1004,133,82881
County Durham,E06000047,196872,45904,119193,513242,503302,467,3094,1368,463,241,1598,1186,701,822,513242,217373,171564,82404,32568,9333,118472,1622,847,23464,1279,1692,16951,16238,8345,4516,3065,1919,1251,4803,5131,9721,7452,6278,3898,1349,513242
Coventry,E08000026,148246,32100,92913,316960,233878,151,8230,27751,9510,2951,3728,7658,17764,5339,316960,145948,109815,42006,14765,4426,72677,150,57,12794,627,772,6576,13557,6992,3723,3250,2167,786,3493,3728,2852,4789,3485,2879,594,316960
Craven,E07000163,27277,6072,14183,55409,53910,54,375,156,474,39,118,183,61,39,55409,26383,19150,7387,1975,514,14316,860,106,1992,51,115,2205,2137,785,884,431,542,164,867,590,581,944,628,434,124,55409
Crawley,E07000226,79370,14868,55408,106597,85103,77,3098,5530,4548,427,496,2824,3469,1025,106597,50751,38279,12856,3679,1032,29560,33,53,2625,291,238,2977,4659,5794,2247,1511,1294,197,1343,2260,1312,785,1006,935,200,106597
Croydon,E09000008,120398,26164,64828,363378,199961,234,23895,24660,10865,2570,3925,17607,73256,6405,363378,174584,128634,43473,12734,3953,89773,40,96,3852,338,605,11523,13762,7681,4379,6556,6622,1515,7066,5382,6049,4610,5419,4278,913,363378
Dacorum,E07000096,66247,13738,38091,144847,131306,231,3075,2347,2007,287,784,1345,2990,475,144847,72910,49326,16778,4576,1257,38945,180,52,3530,171,335,5405,6891,3042,1431,3456,1639,468,3316,2139,2073,1814,1258,1745,311,144847
Darlington,E06000005,52096,12516,32121,105564,101245,350,1146,726,145,523,349,462,357,261,105564,47046,37199,15116,4763,1440,25264,221,107,3905,154,246,3268,4031,2045,1173,1208,737,202,1284,1119,2019,1212,1581,752,244,105564
Dartford,E07000107,54972,12461,32166,97365,84826,244,2161,2670,179,431,538,1981,3578,757,97365,47273,33941,11837,3314,1000,26308,69,33,2412,206,451,4552,4416,2645,965,1259,1525,327,1386,1423,1615,916,1203,905,285,97365
Daventry,E07000151,38650,6907,24174,77843,75069,54,971,551,172,55,151,254,481,85,77843,37709,27454,9398,2577,705,21029,477,20,3603,110,232,2393,3913,1790,771,987,657,255,1523,1029,901,928,647,793,136,77843
Derby,E06000015,123890,29473,76316,248752,199456,295,7232,10907,14620,658,1292,3618,7320,3354,248752,111837,87060,35193,11413,3249,59485,128,95,13804,534,710,6238,9284,5243,3236,2229,1241,569,3010,2877,2161,2888,3256,1982,707,248752
Derbyshire Dales,E07000035,36196,8808,18725,71116,70102,15,466,97,84,4,95,118,87,48,71116,33487,24683,9718,2475,753,18611,917,342,3029,96,304,2581,2469,1102,1019,649,302,275,1310,701,842,1045,814,814,167,71116
Doncaster,E08000017,127557,33050,74631,302402,287479,587,3321,1865,2728,117,1121,1783,2337,1064,302402,131738,102983,45748,16982,4951,71019,545,693,10865,853,1077,11544,13561,7265,2450,1859,1381,474,2285,3602,4094,2934,3379,2158,799,302402
Dover,E07000108,43282,10189,24201,111674,107732,234,1029,397,40,151,274,1169,386,262,111674,48433,39477,16745,5538,1481,26602,454,37,2104,193,277,3831,3665,3882,1232,627,506,195,1457,1539,2509,1546,1519,1029,339,111674
Dudley,E08000027,123197,31765,69941,312925,281255,352,5758,5737,10339,397,876,1593,4671,1947,312925,132825,111905,47828,15918,4449,75348,97,47,15560,993,1063,11387,13705,5182,2325,2467,1827,766,3408,3236,4065,3553,3326,2341,723,312925
Ealing,E09000009,132461,22577,75084,338449,165518,300,15066,48240,14711,1786,4132,31570,36860,20266,338449,166385,116712,38421,12817,4114,90013,48,187,5044,273,577,11566,13317,9066,6077,9087,3914,1526,7717,5467,2984,4468,4130,4565,741,338449
East Cambridgeshire,E07000009,31112,6584,16927,83818,80434,239,1182,316,103,80,290,426,506,242,83818,40874,29487,10131,2614,712,23497,1066,25,3290,92,314,3579,3359,1524,621,1331,472,234,1993,924,1039,1449,864,1321,97,83818
East Devon,E07000040,53997,12895,26624,132457,130257,90,904,220,6,71,210,423,146,130,132457,58004,47716,19960,5285,1492,31355,1334,68,2812,259,389,4466,5135,1853,1974,1030,663,390,2009,1554,2955,1615,1548,1301,181,132457
North Dorset,E07000050,30265,6409,16499,68583,66882,95,552,111,11,76,128,470,197,61,68583,32782,24146,8808,2266,581,18230,929,43,2554,81,207,2813,2568,817,582,542,345,249,857,764,2362,1133,562,822,183,68583
East Hampshire,E07000085,48214,10608,25400,115608,111368,267,1305,481,31,165,316,866,517,292,115608,58330,40113,12885,3336,944,31065,514,66,3622,249,282,4213,4608,1567,1133,2558,1159,378,2732,1705,2442,1472,1150,1215,196,115608
East Hertfordshire,E07000242,58180,13146,31200,137687,131399,57,2214,999,213,282,516,671,984,352,137687,72332,46399,14325,3678,953,38402,318,38,4348,134,325,5376,6022,2614,1366,2328,2663,602,3789,2026,2091,1921,1137,1304,230,137687
East Lindsey,E07000137,51693,12984,26688,136401,134253,61,937,231,63,100,198,197,264,97,136401,52138,48140,24915,8671,2537,29827,1928,130,4048,203,464,3941,5025,1940,2350,494,233,331,1047,1238,2352,1368,1318,1417,319,136401
East Riding of Yorkshire,E06000011,133512,32503,73378,334179,327562,227,2301,1081,396,69,660,755,598,530,334179,151003,116859,48307,13877,4133,83196,3515,458,13557,1212,786,11452,12809,5935,3456,2326,1411,770,4313,3184,6623,4531,4205,2653,193,334179
East Staffordshire,E07000193,59222,13014,36859,113583,102632,72,1619,916,5598,157,331,862,1023,373,113583,52094,40576,15302,4377,1234,29616,569,88,6808,251,342,3796,5011,2763,1145,918,410,214,1371,1300,1170,1182,1256,1022,748,113583
Eastbourne,E07000061,43881,11494,23158,99412,93442,66,1791,671,107,287,621,1109,783,535,99412,42818,35193,15251,4712,1438,23000,64,11,1869,125,258,3310,4348,1565,1614,707,764,334,1054,1176,1171,1470,2094,1066,316,99412
Eastleigh,E07000086,64219,13973,39032,125199,118346,191,1740,1954,160,294,625,707,605,577,125199,61561,44190,14538,3817,1093,34313,114,42,4505,253,297,5070,5810,2827,1250,2239,1403,350,2242,1671,2080,1649,1391,1120,177,125199
Eden,E07000030,28783,6635,14489,52564,51984,15,211,77,7,49,79,80,22,40,52564,24210,18810,7195,1875,474,14525,1679,110,1325,64,180,2425,2257,1106,1269,262,150,164,658,548,662,698,466,502,132,52564
Elmbridge,E07000207,56375,10641,31303,130875,117970,153,3411,2489,555,504,1143,2384,1010,1256,130875,73880,40555,12360,3213,867,34706,81,260,2127,192,212,3200,4465,1892,1272,3850,3501,700,5048,2000,1529,1515,1099,1763,266,130875
Enfield,E09000010,105493,23579,55196,312466,190296,344,17183,11648,2594,5599,2588,12464,53687,16063,312466,146351,109394,39699,12840,4182,72313,84,41,3769,297,527,9039,12749,6154,4864,4454,3788,1764,5322,3967,3468,4029,4149,3848,743,312466
Epping Forest,E07000072,47610,10602,23495,124659,112693,176,2649,3041,933,265,598,1085,2404,815,124659,61413,42077,15435,4441,1293,32614,242,16,2397,134,352,5604,4903,2601,1011,1709,2889,736,2477,1781,1636,1338,1267,1521,383,124659
Epsom and Ewell,E07000208,30223,6747,16217,75102,64370,132,1922,1828,667,325,922,2742,1128,1066,75102,39208,25355,7988,2016,535,19954,20,70,970,108,149,2698,2678,1308,678,1615,1641,348,2162,1035,1299,1017,1180,978,219,75102
Erewash,E07000036,42970,10256,24753,112081,108736,29,1269,778,89,21,266,229,536,128,112081,49349,39666,16762,4874,1430,28656,113,55,6595,358,300,4164,4726,2479,932,1099,490,245,1359,1222,1287,1414,994,824,289,112081
Exeter,E07000041,83220,19107,51869,117773,109497,93,1938,946,164,227,1998,1260,667,983,117773,58775,39301,14075,4331,1291,29331,127,46,2159,461,435,3567,4994,2232,1816,1171,711,389,2059,1458,1949,2412,2108,1237,114,117773
Fareham,E07000087,51004,11285,30339,111581,107874,85,1359,663,77,125,467,335,357,239,111581,54170,39284,13638,3489,1000,29604,96,30,4257,280,282,3877,4195,2139,1009,1855,1022,297,1877,1418,3515,1404,1088,963,264,111581
Fenland,E07000010,38156,8636,22255,95262,92164,467,901,372,65,65,215,358,497,158,95262,37577,36042,15760,4590,1293,23976,972,29,4906,125,332,3872,3897,2055,618,584,375,201,882,1507,1558,689,758,616,207,95262
Forest Heath,E07000201,32904,6581,21115,59748,54799,108,1744,300,135,96,105,627,1296,538,59748,28739,21194,7235,2035,545,17679,520,11,2217,50,199,2193,2167,1206,715,440,203,137,784,739,1357,487,500,3754,64,59748
Forest of Dean,E07000080,30458,7115,15356,81961,80621,78,528,159,25,1,129,159,199,62,81961,36281,29340,11879,3535,926,20801,720,58,4007,195,308,3335,3176,1195,628,758,463,209,1035,975,1329,866,884,660,112,81961
Fylde,E07000119,42934,7617,28248,75757,73829,15,742,297,118,25,209,196,163,163,75757,33815,25591,11619,3692,1040,17988,254,22,3203,88,133,1877,2377,864,1132,896,709,225,1149,739,1762,841,972,745,254,75757
Gateshead,E08000037,91882,20676,58035,200214,192655,87,1558,916,617,242,1054,909,1081,1095,200214,85320,67807,31158,12152,3777,47337,112,151,7650,479,443,6408,7388,3750,2173,1992,1108,571,2324,2312,3522,2633,2737,1584,446,200214
Gedling,E07000173,36897,9125,19635,113543,105624,32,2619,1366,962,67,411,537,1653,272,113543,51154,39934,16473,4657,1325,28599,148,72,3735,398,295,4560,5053,1910,1033,1159,644,410,1540,1282,1977,1770,1571,1042,290,113543
Gloucester,E07000081,63844,15873,39000,121688,108326,136,3565,3204,639,490,448,1058,3486,336,121688,56655,43150,15933,4616,1334,32162,96,59,5407,558,366,4297,5423,2342,1305,1323,1418,302,1441,1534,2229,1305,1776,981,244,121688
Gosport,E07000088,26652,6211,15387,82622,79653,32,1066,428,31,149,214,251,592,206,82622,37447,29915,11224,3215,821,21343,30,21,3269,217,234,2744,2708,1606,919,686,393,195,729,1230,4016,844,851,651,156,82622
Gravesham,E07000109,32015,8364,16439,101720,83906,320,2066,7538,550,477,326,1713,2885,1939,101720,47298,35572,13629,4104,1117,25589,176,44,2669,269,316,5048,4413,2567,991,969,1115,287,1191,1447,1425,1011,823,828,295,101720
Great Yarmouth,E07000145,39960,11544,21426,97277,94152,63,1159,446,116,18,189,435,439,260,97277,39204,35032,16130,5330,1581,21955,340,599,3013,228,256,3029,3710,1654,1812,357,373,176,1221,1161,952,773,1246,1055,207,97277
Greenwich,E09000011,86199,18396,46538,254557,158572,430,12274,7836,2594,1645,5061,12758,48655,4732,254557,127641,83875,29386,10420,3235,62676,54,76,2476,284,504,7715,7423,4681,4137,3955,5218,1075,5006,4901,4101,3747,3631,3692,480,254557
Guildford,E07000209,77684,14304,47621,137183,124216,491,2501,1661,487,320,1884,2264,1656,1703,137183,73969,45445,13442,3402,925,37615,145,173,2688,196,316,4234,5315,1899,1657,3834,2257,542,4213,1924,2552,2348,1484,1838,220,137183
Hackney,E09000012,103604,18063,57554,246270,134143,474,15869,7599,1905,6180,3436,6747,56858,13059,246270,128442,75699,26837,11183,4109,61808,39,51,1862,112,259,3804,7115,3074,4663,6911,3569,1349,9634,3825,2291,4704,3490,5056,477,246270
Halton,E06000006,57420,12098,37907,125746,123000,41,1356,282,44,60,308,249,260,146,125746,58684,39693,17504,7732,2133,29843,63,86,5626,374,625,3772,5104,3186,982,1323,581,279,1469,1696,1591,1061,1190,835,274,125746
Hambleton,E07000164,48641,10420,28173,89140,87503,132,593,220,84,30,126,140,188,124,89140,43384,30682,11235,2972,867,24165,1771,128,2796,143,211,2966,3519,1261,1037,638,458,283,1529,894,3414,1054,1193,870,159,89140
Hammersmith and Fulham,E09000013,124530,16147,82567,182493,124005,217,10044,3451,1612,1056,3140,7376,21505,10087,182493,103036,53374,17188,6531,2364,51215,47,160,1330,179,160,3314,5090,2416,3824,5654,6430,1523,8176,2698,1517,2690,2646,3361,281,182493
Harborough,E07000131,42180,8517,24767,85382,81255,61,971,1849,132,44,226,312,327,205,85382,43421,29261,9707,2345,648,23324,628,50,3388,191,183,3048,4407,1399,792,947,815,292,1747,1079,1258,1362,947,791,151,85382
Haringey,E09000014,81001,17014,36277,254926,153973,370,16548,5945,1920,4417,3744,8124,47830,12055,254926,126485,85567,28444,10650,3780,65576,25,38,1946,132,275,6909,7997,3619,6153,6504,3124,1302,7716,3589,2479,5091,3760,4917,474,254926
Harlow,E07000073,39814,8745,24438,81944,72882,117,1752,1061,629,392,830,821,3090,370,81944,36969,29380,11203,3398,994,21208,46,5,2750,103,251,3424,4436,2164,781,867,551,159,910,1214,959,805,1078,705,188,81944
Harrogate,E07000165,82129,17283,46970,157869,151968,107,1776,587,118,68,869,767,1147,462,157869,79934,53313,18633,4698,1291,42975,1497,83,3961,213,350,4966,7373,2077,2501,1921,1799,565,3804,1909,3458,2042,2212,2244,284,157869
Harrow,E09000015,73804,16068,35537,239056,100810,181,9499,63051,7797,1378,2629,26953,19708,7050,239056,113731,86069,28329,8289,2638,61833,17,75,3128,244,343,8112,11387,4878,2872,5154,4164,1104,6141,2954,2468,2901,3256,2635,645,239056
Hart,E07000089,40079,7335,24149,91033,86082,273,1457,880,141,136,435,856,506,267,91033,50079,30120,8432,1891,511,26001,114,99,2362,149,228,2774,3512,1548,973,3472,1235,296,2477,1381,2787,971,688,935,150,91033
Hartlepool,E06000001,34197,9663,19632,92028,89859,40,550,266,291,214,229,304,170,105,92028,39816,30117,14607,5789,1699,19511,114,259,3656,501,417,3450,2448,1327,701,465,308,268,951,830,1238,929,1030,619,250,92028
Hastings,E07000062,36828,9490,18853,90254,84481,150,1948,487,78,276,366,919,1065,484,90254,36556,32707,14276,5159,1556,21034,108,21,2038,124,237,3626,3669,1395,1085,713,649,275,931,984,1345,1157,1728,949,240,90254
Havant,E07000090,46667,11249,25787,120684,117098,64,1514,504,72,155,313,383,388,193,120684,53474,43275,17188,5172,1575,29179,88,25,4650,468,433,5298,4538,1864,1143,1525,619,296,1319,1572,2078,1287,1068,908,296,120684
Havering,E09000016,84726,21053,43569,237232,207789,160,4933,5017,1492,975,1459,2602,11481,1324,237232,109131,84378,31492,9464,2767,59597,61,41,4686,379,711,11316,8263,6161,1563,2887,5633,814,3319,3023,3693,2311,2539,2197,844,237232
"Herefordshire, County of",E06000019,87169,20050,45553,183477,179806,363,1270,490,80,32,277,560,331,268,183477,83874,64494,25517,7441,2151,47975,3479,114,8389,219,536,6907,7670,2232,1836,1418,715,638,2372,2263,2988,2185,2293,1721,293,183477
Hertsmere,E07000098,46377,8740,26228,100031,84909,154,2619,3723,454,232,918,2066,3927,1029,100031,51558,32887,11433,3208,945,25930,67,27,1563,120,176,3231,4423,1949,1001,1967,1650,775,2458,1449,1293,1233,1266,1282,318,100031
High Peak,E07000037,35791,8467,18851,90892,88944,10,944,148,78,10,228,247,184,99,90892,43185,30980,12011,3696,1020,23889,321,417,4601,126,217,3074,3341,1704,992,936,640,244,1594,988,1144,1544,1109,897,238,90892
Hillingdon,E09000017,164963,28934,110136,273936,165687,344,10479,36795,9200,2639,2889,17730,20082,8091,273936,133627,96647,31492,9404,2766,70127,72,89,4594,353,585,9150,11181,10328,3884,5073,2557,829,4316,4279,3992,3082,2924,2839,706,273936
Hinckley and Bosworth,E07000132,42514,9258,24430,105078,101283,86,1027,1390,158,81,269,348,262,174,105078,48612,37653,13974,3812,1027,28426,393,106,5567,639,328,3745,5528,2258,844,1055,642,217,1535,1169,1287,1359,870,884,207,105078
Horsham,E07000227,56174,12135,30139,131301,125828,234,1774,734,165,209,472,1005,651,229,131301,66403,45684,14580,3560,1074,34830,508,78,3628,222,297,4330,5414,2800,1227,2305,2338,519,3006,2061,1688,1592,1287,1530,225,131301
Hounslow,E09000018,128880,18996,84873,253957,130322,183,10349,48161,13676,2189,2405,20826,16813,9033,253957,124442,89064,28552,9085,2814,69965,40,180,3279,246,409,6465,10423,10707,5919,7075,3006,998,5016,4790,2626,2657,2764,3365,569,253957
Huntingdonshire,E07000011,77355,15712,47418,169508,160483,208,2530,1119,998,351,575,1147,1642,455,169508,82675,60470,19682,5239,1442,47565,746,65,8038,223,598,5768,7475,2811,1679,2712,1341,597,3391,2237,4029,1920,1762,2173,250,169508
Hyndburn,E07000120,31172,7085,18310,80734,70681,97,696,279,7548,402,268,510,106,147,80734,34759,27610,12225,4800,1340,19209,79,22,4599,111,222,2591,3585,1477,775,478,254,192,617,830,901,882,984,610,211,80734
Ipswich,E07000202,71601,19396,41980,133384,118447,149,4816,1801,242,1687,666,1344,3096,1136,133384,60771,47800,18053,5233,1527,35051,165,27,3922,424,367,4769,5881,3995,1749,2103,1903,278,1287,1821,1800,1393,1959,1208,319,133384
Isle of Wight,E06000046,56591,15353,28195,138265,134451,94,1709,435,80,131,219,649,303,194,138265,56420,50514,22378,6921,2032,30678,540,59,4326,209,305,4533,4499,1850,2558,773,385,392,1418,1366,2340,1597,1973,1555,255,138265
Isles of Scilly,E06000053,1299,204,652,2203,2177,0,18,0,0,0,0,2,2,4,2203,1135,754,248,53,13,694,49,5,29,5,11,90,58,100,157,5,5,18,13,48,25,28,20,28,0,2203
Islington,E09000019,167159,22671,115291,206125,140352,163,13339,3534,951,4662,4457,5430,26294,6943,206125,106386,63382,23113,9771,3473,55698,20,82,1320,150,214,3161,4793,2508,3398,6505,6275,996,10937,2499,2206,3571,3054,4009,325,206125
Kensington and Chelsea,E09000020,116546,16510,75327,158649,111898,119,8986,2577,911,836,3968,7569,10333,11452,158649,91764,45189,14464,5357,1875,44770,77,207,1034,150,102,1838,3607,1530,2362,3539,12609,1621,7122,1740,896,1732,1668,2936,251,158649
Kettering,E07000153,42290,9866,24866,93475,87590,150,1313,1818,149,102,327,627,991,408,93475,43038,33973,12039,3477,948,24821,171,14,4645,151,296,3389,5091,2053,810,884,564,219,1251,1085,1115,1070,1260,753,198,93475
King's Lynn and West Norfolk,E07000146,63513,14745,36369,147451,143154,255,1372,668,134,51,386,624,561,246,147451,60322,54681,23441,7077,1930,36131,1601,112,6305,204,474,5482,6032,2185,1578,629,597,399,1271,1678,3074,1357,1743,1410,389,147451
"Kingston upon Hull, City of",E06000010,124406,31644,76176,256406,241037,284,3454,1086,882,755,2124,1624,2996,2164,256406,110555,89572,38102,14047,4130,58850,298,221,12810,560,641,8302,9693,4947,3072,1343,432,421,1825,3343,3305,2812,2937,1888,611,256406
Kingston upon Thames,E09000021,72450,14574,39873,160060,119124,95,6269,6325,3009,892,2883,13043,4021,4399,160060,84332,53598,16425,4438,1267,43316,33,143,2067,214,222,4165,6192,2629,2128,4468,3140,710,4836,2349,2468,2693,2238,2621,305,160060
Kirklees,E08000034,166882,40814,92869,422458,334112,158,9790,20797,41802,731,1452,3000,7905,2711,422458,192366,147731,58042,19030,5289,104074,487,162,21898,562,1284,12981,18731,7976,4215,3308,3461,988,5424,4438,4714,5497,4618,3330,869,422458
Knowsley,E08000011,57202,12700,36689,145893,141852,6,1913,467,81,10,446,399,505,214,145893,67153,43505,21420,10631,3184,30539,73,54,4654,213,479,4908,4623,3322,1042,933,806,424,1050,1662,1887,1314,2009,1086,395,145893
Lambeth,E09000022,137664,20456,86523,303086,172830,195,23160,4983,3072,2221,4573,6089,78542,7421,303086,160326,97286,31188,10729,3557,87062,43,120,2068,248,293,6241,8743,4396,7094,9128,7403,1772,12417,6277,4517,5164,4996,6142,521,303086
Lancaster,E07000121,58893,14648,31960,138375,132011,331,1356,1212,413,309,1231,567,628,317,138375,64577,46831,18960,6215,1792,31931,717,161,2946,1436,472,4034,4759,2495,2027,958,526,267,1321,1387,1831,3061,2231,1302,285,138375
Leeds,E08000035,409815,82275,261020,751485,638800,687,19632,16130,22492,4432,5933,9256,25893,8230,751485,361295,254023,95515,31504,9148,184048,537,223,22340,1778,1734,22010,30162,12235,10303,9003,9707,2191,12561,10322,8831,11352,11111,7648,1535,751485
Leicester,E06000016,163224,40528,97896,329839,166219,417,11580,93335,8067,3642,4245,13181,20585,8568,329839,148108,117551,44278,14972,4930,74955,113,85,14441,1266,581,6165,14581,6196,4221,2250,2113,699,2894,4095,2995,4775,4886,2599,810,329839
Lewes,E07000063,40055,9198,20207,97502,94062,97,1275,360,64,153,316,507,416,252,97502,43719,34634,13900,4066,1183,23693,296,20,2022,109,358,3531,3581,1714,1046,1106,1158,347,1587,1201,1490,1625,1294,1208,266,97502
Lewisham,E09000023,78895,16732,38803,275885,147478,208,20472,4600,1596,1388,6164,11786,74942,7251,275885,135428,93850,32289,10755,3563,69753,25,62,2004,235,370,6509,8100,4468,5505,5881,4831,1247,6671,4717,4024,5274,4261,5569,549,275885
Lichfield,E07000194,44755,10482,25377,100654,97386,13,1034,877,157,107,225,257,481,117,100654,47225,35014,13259,3959,1197,26001,377,47,4330,204,334,3701,4423,1736,955,1038,776,333,1748,1146,1535,1337,1041,940,281,100654
Lincoln,E07000138,55050,14131,32300,93541,89299,80,1230,522,139,139,452,542,778,360,93541,41329,34216,13005,3907,1084,23086,226,50,3542,208,372,3078,4208,1469,1392,752,234,180,818,1164,1916,1265,1359,853,164,93541
Liverpool,E08000012,235801,54448,145177,466415,414486,185,11756,4915,1999,1075,7978,3436,12308,8277,466415,217977,142132,65422,31162,9722,100361,102,111,9613,483,983,11454,14798,9016,6847,3893,3112,1544,5211,5461,6861,7286,8837,4749,1280,466415
Luton,E06000032,89954,19030,55031,203201,110881,198,8281,10625,29353,13606,1497,5871,19909,2980,203201,94607,73300,25277,7571,2446,49657,60,8,6167,174,423,6504,9295,7059,3046,2182,1195,578,2106,3141,1736,2156,2010,1817,509,203201
Maidstone,E07000110,76795,17142,44383,155143,145158,838,2345,1226,340,381,461,2535,1380,479,155143,74636,54384,19291,5323,1509,41797,699,48,3778,377,531,7193,6914,2975,1551,1856,2127,474,2634,2285,3326,1790,1819,1420,398,155143
Maldon,E07000074,23037,5326,11288,61629,60228,201,506,117,7,90,104,166,150,60,61629,28471,21961,8269,2260,668,16463,297,22,2487,166,304,3049,2502,1021,494,539,1005,186,1076,772,756,625,564,598,139,61629
Malvern Hills,E07000235,31181,6833,16081,74631,72710,131,639,268,43,30,336,225,151,98,74631,34011,26171,10494,2939,1016,18145,698,29,2825,135,208,2356,2699,764,765,876,383,252,1656,838,990,1105,824,742,130,74631
Manchester,E08000003,319745,58333,213761,503127,334600,509,23161,11417,42904,6437,13539,11689,43484,15387,503127,245334,159452,62651,27014,8676,114297,83,53,8274,582,791,8751,17961,9182,10676,6362,5064,1772,8912,8453,4352,8825,8510,5694,913,503127
Mansfield,E07000174,40987,10745,23237,104466,101520,2,1106,521,132,192,206,238,398,151,104466,43295,35895,16922,6476,1878,25410,145,478,4533,268,321,4204,4676,1891,1051,542,347,193,804,1206,1550,1078,1321,802,295,104466
Medway,E06000035,98648,24133,54673,263925,236069,510,5176,7132,1516,1304,1065,2598,6663,1892,263925,120662,95679,34307,10388,2889,68115,241,61,7362,813,1251,12352,11265,6338,2405,2507,3006,724,2998,3581,5343,2885,2638,2345,729,263925
Melton,E07000133,22107,4914,12322,50376,49316,3,414,277,4,0,103,134,95,30,50376,24349,17892,6295,1449,391,13929,482,41,3200,90,179,1694,2057,896,461,428,287,128,892,622,850,679,385,558,91,50376
Mendip,E07000187,49267,12077,24480,109279,106811,246,996,227,21,69,256,356,210,87,109279,51153,38270,14619,4137,1100,28097,1071,372,3960,109,366,4204,4590,1665,1307,1369,519,289,1648,1249,1473,1737,1055,1114,169,109279
Merton,E09000024,75223,13975,41225,199693,129390,216,9334,8106,7337,2216,2618,15866,20811,3799,199693,103891,67098,21025,5930,1749,55906,24,157,2178,233,297,6690,7583,3688,3211,4845,4931,996,6361,3235,2611,2778,2969,3119,430,199693
Mid Devon,E07000042,30331,7045,14250,77750,76608,88,484,116,7,18,167,120,94,48,77750,36263,27554,10398,2785,750,20226,1640,45,2910,148,259,3060,3413,1411,613,530,339,222,1204,858,979,1027,859,709,69,77750
Mid Suffolk,E07000203,41665,8831,23149,96731,94591,76,953,170,17,38,158,264,371,93,96731,46319,34155,12432,3020,805,26220,1187,37,3583,269,272,4086,4171,1970,626,1063,895,282,1535,1171,2270,1096,861,846,177,96731
Mid Sussex,E07000228,60745,13907,32752,139860,132876,142,1967,1410,154,399,525,1273,788,326,139860,72448,47524,14938,3864,1086,38103,326,68,3092,267,318,4725,5261,3211,1570,2531,3375,517,3225,2188,1895,1905,1990,1639,319,139860
Middlesbrough,E06000002,62839,17932,36360,138412,121970,85,2362,1477,6811,244,904,1332,1731,1496,138412,62855,45295,19719,8001,2542,28197,52,375,3566,410,348,4267,4505,2578,1660,899,537,316,1406,1409,1537,1485,1879,968,365,138412
Milton Keynes,E06000042,143998,26264,96424,248821,199022,72,8235,8106,3851,1989,2722,6114,17131,1579,248821,124826,86778,26929,7955,2333,67910,201,63,7403,227,507,6328,14095,6575,2832,5974,3175,708,4458,3809,3019,3560,2358,2618,501,248821
Mole Valley,E07000210,46437,8850,27348,85375,81040,128,1257,707,152,206,358,754,399,374,85375,43926,28801,9607,2437,604,22571,203,135,1455,109,163,2941,2972,1178,881,1847,1690,459,2854,1434,1158,1096,878,1118,239,85375
New Forest,E07000091,75620,18014,39950,176462,171737,423,1620,472,34,195,338,626,612,405,176462,79671,63302,24871,6715,1903,43254,605,113,5900,422,502,6354,6696,3013,2335,1897,1458,588,3073,2143,2465,1937,1951,1802,303,176462
Newark and Sherwood,E07000175,50938,12060,29178,114817,111705,253,1160,366,145,73,220,232,499,164,114817,51505,39671,16874,5246,1521,28999,773,321,4716,368,460,4043,4881,1991,1244,1016,428,276,1458,1196,2097,1347,1319,1065,223,114817
Newcastle upon Tyne,E08000021,169652,36034,109168,280177,239370,163,4279,5072,6364,4692,6037,4942,5160,4098,280177,133933,89096,38018,14793,4337,62768,114,213,5784,484,464,6906,8860,4505,5414,3203,1767,841,4178,3171,4189,4553,5316,2806,493,280177
Newcastle-under-Lyme,E07000195,49280,11413,28832,123871,117613,49,1490,937,485,154,978,958,828,379,123871,55311,42716,17802,6312,1730,30259,279,73,5356,230,326,4217,5865,2229,1065,1089,601,345,1354,1237,1277,1883,1581,1252,350,123871
Newham,E09000025,103887,20595,55629,307984,88754,462,13945,42484,30307,37262,3930,19912,60256,10672,307984,149269,106549,34839,12763,4564,78478,60,20,2905,219,520,10185,14835,6615,9794,4076,4150,1169,4044,6325,2631,3655,4043,3232,745,307984
North Devon,E07000043,47704,11757,24565,93667,91697,45,785,215,67,78,152,323,158,147,93667,43441,31704,13264,4064,1194,23675,1375,46,3624,139,278,3451,3821,1055,1953,470,274,263,959,1082,1752,1061,1192,880,55,93667
North Dorset,E07000050,30265,6409,16499,68583,66882,95,552,111,11,76,128,470,197,61,68583,32782,24146,8808,2266,581,18230,929,43,2554,81,207,2813,2568,817,582,542,345,249,857,764,2362,1133,562,822,83,68583
North East Derbyshire,E07000038,31416,7594,16779,99023,97014,70,786,350,79,32,187,147,236,122,99023,42535,33926,15734,5319,1509,24646,333,154,4817,156,349,3940,4341,1543,831,808,628,290,1223,998,1219,1152,1096,768,272,99023
North East Lincolnshire,E06000012,71067,19846,41220,159616,155395,26,1186,513,195,268,605,548,411,469,159616,70242,55935,23779,7507,2153,37659,269,232,8509,461,334,5244,6736,4604,1466,516,355,270,1316,1747,1584,1510,1535,971,252,159616
North Hertfordshire,E07000099,52441,11621,28989,127114,113722,33,3376,3464,424,495,808,1630,2491,671,127114,63801,43360,14965,3958,1030,34638,274,25,4793,136,324,4214,5665,1915,1080,2639,1620,505,3423,1698,1902,1679,1322,1424,298,127114
North Kesteven,E07000139,45839,8992,28439,107766,105761,74,791,217,29,68,215,221,251,139,107766,49563,37834,14941,4198,1230,27762,1098,86,3724,226,402,3654,4099,1645,933,781,339,218,1178,947,5164,1253,1175,840,195,107766
North Lincolnshire,E06000013,76797,18008,47847,167446,160658,90,1244,1122,862,1443,530,592,494,411,167446,73234,59883,24667,7593,2069,42032,915,239,11979,495,534,5363,6514,3951,1414,695,502,306,1408,1720,1966,1466,1591,974,278,167446
North Norfolk,E07000147,39632,10147,18969,101499,100081,46,617,112,5,67,141,206,157,67,101499,39504,38336,17412,4839,1408,23025,1233,144,3001,177,262,3527,3937,1301,1459,498,491,306,1080,1199,1011,1147,1166,1086,185,101499
North Somerset,E06000024,83584,20746,44681,202566,196900,176,2033,817,111,299,619,590,632,389,202566,93803,70435,27670,8276,2382,51037,615,130,6147,384,665,6585,8947,3728,2115,2607,2618,659,3482,2481,3352,2293,2348,1881,333,202566
North Tyneside,E08000022,84221,19846,51942,200801,193996,29,1815,1095,319,686,869,846,734,412,200801,90031,66955,30156,10638,3021,48859,105,378,6321,498,467,6294,6868,3476,2214,2545,1392,501,2732,2247,4829,3081,3105,1806,431,200801
North Warwickshire,E07000218,39558,7393,25974,62014,60664,45,506,360,35,11,67,107,172,47,62014,27979,21604,8725,2850,856,16475,256,169,2995,148,243,2440,2874,1907,562,543,340,162,709,806,716,629,434,542,150,62014
North West Leicestershire,E07000134,53711,10266,35284,93468,91110,77,881,520,16,20,198,320,205,121,93468,42477,33202,12978,3733,1078,24812,305,357,4999,269,270,3516,4378,2621,788,859,436,184,1344,1071,959,1130,626,700,211,93468
Northumberland,E06000057,123686,30068,69009,316028,310910,156,1692,939,351,295,452,621,338,274,316028,138990,108458,48580,15641,4359,75848,2886,741,10485,705,886,10373,10436,4905,3523,2436,1482,1091,4236,3239,7099,3656,4921,2748,700,316028
Norwich,E07000148,89224,20856,54466,132512,120248,127,3039,1684,255,540,1679,1686,2147,1107,132512,59454,46939,18620,5862,1637,32923,155,90,3405,120,329,3501,5474,1820,2187,1468,2198,368,2131,1659,1510,2555,2323,1630,200,132512
Nottingham,E06000018,174216,39039,109827,305680,218372,326,20265,9901,16771,1049,5988,6330,22185,4493,305680,141038,103332,41581,15063,4666,65595,136,82,7649,973,624,6764,11435,5447,4658,3063,1408,847,3127,4206,2833,4762,4627,2954,636,305680
Nuneaton and Bedworth,E07000219,45300,11700,25941,125252,114317,75,1396,5705,527,51,304,1293,1047,537,125252,55086,44255,18133,6019,1759,31794,87,149,6782,265,384,3310,6446,3543,1009,1109,645,211,1300,1472,1484,1289,1250,1059,274,125252
Oadby and Wigston,E07000135,21125,5247,11723,56170,41002,9,1176,9938,1080,128,328,1046,671,792,56170,25383,20568,7524,2082,613,13712,34,19,2162,218,115,1606,2755,870,478,487,496,156,743,540,842,924,819,448,161,56170
Oldham,E08000004,89047,20171,53441,224897,174264,62,4057,1555,22686,16310,726,1888,2797,552,224897,101526,74987,32778,12179,3427,51644,93,24,8204,288,618,7085,9922,4562,3288,1596,1379,637,2156,2665,2438,2454,2438,1797,628,224897
Oxford,E07000178,99423,19159,64870,151906,117865,92,6035,4449,4825,1791,3559,4203,7028,2059,151906,83904,48201,14320,4189,1292,36187,63,15,2878,205,181,2544,4079,1917,2512,2742,534,311,3748,1347,1115,7170,2957,1869,175,151906
Pendle,E07000122,34602,8071,19919,89452,71411,26,946,236,15320,383,281,587,126,136,89452,38965,30826,13431,4921,1309,21472,200,16,6193,49,187,2503,3729,1491,847,522,439,242,790,963,873,898,894,636,260,89452
Peterborough,E06000031,101167,21833,65794,183631,150984,560,4948,4636,12078,229,872,3677,4164,1483,183631,81275,68493,24362,7425,2076,47740,458,43,7749,203,507,4616,8916,4429,2068,2154,2044,496,2194,3368,3103,1651,2130,1611,316,183631
Plymouth,E06000026,121963,29981,72233,256384,246356,153,3287,875,202,359,1251,1219,1678,1004,256384,117976,85956,35756,13012,3684,61712,160,172,9238,567,557,7935,9156,4875,3174,1804,902,765,2339,2829,8257,3373,3484,2125,207,256384
Poole,E06000029,78847,17533,47453,147645,141309,214,1916,1098,96,382,698,1002,520,410,147645,68689,51486,19849,5841,1780,38189,101,98,6314,214,464,5361,6136,2301,1690,1638,2276,592,1954,1711,2173,1689,1982,1495,395,147645
Portsmouth,E06000044,109456,23650,67708,205056,181097,85,5467,2911,539,3649,2611,2764,3777,2156,205056,97795,71443,25464,7995,2359,51505,92,38,6390,746,537,7332,7002,3703,3228,2523,1092,536,2246,2942,5613,2934,2557,1994,355,205056
Preston,E07000123,87088,19549,55129,140202,112304,111,3326,14421,4425,375,1235,1276,1676,1053,140202,65276,47840,18585,6644,1857,34176,334,29,5340,203,393,3812,6509,2467,1807,1323,716,349,1555,1717,2431,1783,2210,1198,311,140202
Purbeck,E07000051,20220,4385,11347,44973,44251,89,326,33,12,27,54,105,48,28,44973,20231,16148,6340,1782,472,11462,328,126,1462,104,184,1606,1451,568,749,371,309,154,587,505,1380,526,464,588,68,44973
Reading,E06000038,89115,16984,57607,155698,116297,90,6180,6514,6967,695,1603,5382,10470,1500,155698,78169,54913,16770,4590,1256,43186,64,170,2826,365,553,4428,6519,2984,2296,6261,1751,388,4053,2556,1944,2407,2030,1591,267,155698
Redbridge,E09000026,78894,18654,37631,278970,118506,140,11456,45660,31051,16011,3000,20781,24845,7520,278970,134230,97595,33470,10479,3196,68668,34,51,3182,197,280,8022,11016,6063,3536,5186,6123,1543,5557,3472,3518,4046,4082,2760,816,278970
Redcar and Cleveland,E06000003,45844,12578,26055,135177,133118,85,853,91,295,94,155,234,122,130,135177,57285,45844,21449,8184,2415,28719,222,1087,4837,587,385,4505,4105,2145,1038,669,391,417,1586,1320,1715,1415,1378,917,315,135177
Redditch,E07000236,39031,8344,24280,84214,77488,9,1655,720,2580,192,209,328,862,171,84214,39391,29354,10913,3522,1034,22723,114,6,5801,166,250,2701,4146,1602,755,962,465,179,1017,1228,1052,826,849,604,172,84214
Reigate and Banstead,E07000211,67831,13596,40777,137835,124700,179,3037,2192,1189,532,914,2165,2166,761,137835,71052,46908,14866,3844,1165,37728,114,98,2298,231,326,4996,5163,3165,1543,2694,3548,592,3543,2311,2097,1605,1943,1461,399,137835
Ribble Valley,E07000124,29815,5558,17848,57132,55898,6,360,204,295,32,109,89,92,47,57132,29415,18376,7049,1805,487,14920,620,32,2856,67,164,1956,2415,592,733,460,356,192,949,522,757,904,839,506,145,57132
Richmond upon Thames,E09000027,78387,13914,42737,186990,160630,95,6780,5202,1163,867,1753,4622,2816,3062,186990,107217,57088,16662,4617,1406,52434,27,394,2218,292,204,3617,5325,2774,2235,7254,4820,1128,8552,2535,2464,3244,2059,3292,295,186990
Richmondshire,E07000166,27802,4722,17685,51965,49537,19,502,75,27,20,78,1047,496,164,51965,26678,17383,5988,1523,393,16441,982,71,1267,42,111,1759,1580,635,766,298,159,170,535,579,5967,559,430,531,82,51965
Rochdale,E08000005,79184,17343,47746,211699,172688,186,3569,1105,22265,4342,948,2970,2770,856,211699,94233,70158,31303,12453,3552,47770,86,38,7774,237,624,6722,9079,4533,2202,1553,1265,670,2012,2486,2359,2130,2464,1536,600,211699
Rochford,E07000075,26660,6384,13112,83287,80888,49,905,262,42,81,228,268,433,131,83287,39774,29085,10832,2816,780,21895,144,10,2612,149,230,3765,2977,1537,615,963,2599,270,1408,953,1335,832,700,796,268,83287
Rossendale,E07000125,24266,5164,13666,67982,63731,47,602,186,1139,1638,233,200,123,83,67982,31438,22508,9603,3475,958,17006,78,22,3339,80,204,2556,2846,1053,573,578,388,200,819,790,1002,957,959,562,166,67982
Rother,E07000064,32090,7673,14514,90588,87817,134,1031,276,16,109,217,485,305,198,90588,36737,33152,14960,4463,1276,19827,478,27,1592,146,235,3406,3113,1122,929,734,1003,288,1358,1074,1115,1024,1198,985,349,90588
Rotherham,E08000018,107716,26836,64221,257280,240632,126,2551,961,7609,109,592,1280,2112,1308,257280,111232,87237,39278,15114,4419,60668,276,398,12340,553,1031,9784,10139,5091,1982,1799,1436,423,2272,3107,2796,2776,2704,1761,745,257280
Rugby,E07000220,47452,9409,29929,100075,90405,160,1986,3061,612,140,432,980,1987,312,100075,47711,35306,12580,3508,970,26951,303,34,4650,306,260,2804,5143,3156,909,1238,579,215,1675,1184,1510,1278,878,829,173,100075
Runnymede,E07000212,49802,8133,32838,80510,71413,220,1671,2022,378,235,1173,1753,862,783,80510,41319,27451,8767,2371,602,21477,63,112,1599,167,160,2477,3430,2443,1019,1849,763,266,1793,1202,1042,1071,883,1138,155,80510
Rushcliffe,E07000176,45942,10408,25850,111129,103481,23,1949,2361,1072,40,558,583,627,435,111129,57689,36222,12779,3468,971,28938,388,82,3261,386,236,3142,4450,1318,1084,1874,995,390,2877,1173,2055,2487,1527,1213,203,111129
Rushmoor,E07000092,49880,8512,33901,93807,79365,155,2057,1310,635,206,497,7107,1868,607,93807,46970,33340,10099,2625,773,27487,33,30,2527,165,304,3336,4241,2002,1231,2141,852,233,1599,1834,4069,935,997,958,219,93807
Rutland,E06000017,18293,3840,10690,37369,36243,58,389,113,38,7,125,82,251,63,37369,18828,12718,4532,1008,283,9885,295,17,1501,40,105,1009,1440,431,423,332,213,102,682,398,1550,744,281,322,65,37369
Ryedale,E07000167,25988,5577,13518,51751,50983,81,302,35,5,7,85,141,80,32,51751,23555,18476,7329,1846,545,13485,1415,54,2188,51,139,1818,2064,677,673,274,235,185,774,483,614,651,447,743,67,51751
Salford,E08000006,113752,22625,75116,233933,210669,193,4616,2553,1843,605,2547,1881,6541,2485,233933,107689,75685,32849,13741,3969,56000,72,50,6181,465,792,6736,10062,4344,3390,2523,2294,869,3466,3726,2740,2719,3225,2346,619,233933
Sandwell,E08000028,125467,27249,80500,308063,215330,141,10199,31400,13952,6588,839,6479,18357,4778,308063,129182,107081,48087,18171,5542,68739,82,24,14170,672,1108,8497,12783,6873,3006,1783,1641,814,2308,3796,2700,2755,3387,2340,963,308063
Scarborough,E07000168,46119,12816,22266,108793,106067,37,869,383,169,109,287,416,240,216,108793,45241,38721,17588,5712,1531,25032,814,396,3993,167,218,3576,3711,1420,2547,423,267,270,1000,952,1334,1217,1592,1135,188,108793
Sedgemoor,E07000188,46639,11153,24689,114588,112592,132,869,144,34,150,139,268,140,120,114588,51044,40291,16930,4994,1329,28870,748,74,4557,708,538,4483,5581,1887,1372,833,511,268,1357,1269,1398,1252,1098,936,177,114588
Sefton,E08000014,102777,27341,55195,273790,266621,120,2820,666,127,308,965,653,796,714,273790,124069,89115,40620,15549,4437,61647,323,125,6067,336,720,8111,10179,5191,2845,2252,2316,793,3263,3017,5630,3589,4403,2487,781,273790
Selby,E07000169,35476,7166,21381,83449,81919,158,626,175,17,2,170,129,212,41,83449,40351,28624,10654,3008,812,22666,692,198,3822,740,340,3125,3483,1682,786,800,731,209,1346,1076,1232,924,819,661,119,83449
Sevenoaks,E07000111,46402,10502,23924,114893,109638,391,1675,712,106,146,500,621,853,251,114893,58796,38344,13180,3569,1004,29941,300,70,2307,183,250,4387,4259,1819,928,1840,3135,544,3074,1667,1629,1289,1034,1226,275,114893
Sheffield,E08000019,261340,61686,153820,552698,462186,358,13289,5868,21990,3326,7398,5803,20082,12398,552698,258250,184343,75733,26703,7669,127532,304,159,18050,600,1462,16527,19451,8360,6917,5875,4255,1578,7163,5609,6310,10174,9470,5268,1204,552698
Folkestone and Hythe,E07000112,44250,10586,24302,107969,102051,164,1267,413,93,226,281,2686,458,330,107969,45577,38999,16465,5321,1607,25704,337,36,1784,753,319,4199,3894,2465,1317,689,1114,234,1126,1618,2333,1099,1431,956,364,107969
Shropshire,E06000051,145002,34364,77760,306129,299562,312,2168,752,216,208,1020,893,580,418,306129,142309,106909,41475,11979,3457,80881,4364,221,12192,476,1120,11064,13025,4738,3314,2879,1327,964,4090,3397,6327,4199,4233,2951,539,306129
Slough,E06000039,74593,11431,51802,140205,63833,220,4758,21922,24869,549,797,7560,12115,3582,140205,67156,50464,16288,4906,1391,37144,73,39,3570,257,391,3629,6188,6364,2413,3282,854,255,1705,2906,1150,1173,1599,1296,313,140205
Solihull,E08000029,99967,22012,61210,206674,184174,70,4404,7098,3413,633,906,1511,3239,1226,206674,98197,70683,27056,8241,2497,50810,137,30,7773,902,587,6430,8037,3347,2011,3071,2320,731,3801,2812,2323,2392,2386,1720,550,206674
South Cambridgeshire,E07000012,74393,12877,47627,148755,138302,485,2524,2210,465,217,1189,1459,1268,636,148755,78041,50147,15792,3739,1036,42244,720,60,5139,114,361,4603,5528,1828,1375,3603,1104,495,5475,1828,2200,4072,2189,1550,182,148755
South Derbyshire,E07000039,33980,6989,20073,94611,90455,72,1062,1649,179,4,217,326,425,222,94611,45075,32550,12348,3647,991,25563,399,154,6298,260,299,3229,4035,2250,843,904,415,186,1515,1136,911,1125,859,745,238,94611
South Gloucestershire,E06000025,141998,30043,89116,262767,249303,271,3667,2699,698,238,1312,1493,2218,868,262767,129141,91675,30940,8556,2455,72052,537,164,10592,754,779,10180,11755,5172,2414,4208,3883,709,4134,3295,5675,2806,2859,2136,390,262767
South Hams,E07000044,43382,9503,21966,83140,81739,45,653,115,12,64,102,165,121,124,83140,39414,28574,11075,3156,921,20817,1008,106,2192,124,193,3048,2907,1004,1352,686,323,344,1388,973,1812,1345,1163,849,45,83140
South Holland,E07000140,38861,7586,24057,88270,86270,100,796,251,48,54,176,218,257,100,88270,35771,33149,13968,4167,1215,22164,1594,17,4409,128,249,2881,4412,2225,582,425,330,151,843,1412,831,648,506,521,177,88270
South Kesteven,E07000141,57223,13480,31837,133788,130316,78,1142,509,93,63,436,479,509,163,133788,62625,46999,17767,5005,1392,34611,890,81,6359,268,474,4449,5855,2224,1375,1273,922,315,1816,1542,2616,1615,1288,1249,271,133788
South Lakeland,E07000031,52022,12224,26852,103658,101926,36,633,187,40,53,267,240,183,93,103658,48461,36385,14117,3701,994,26834,1120,188,3545,268,235,3874,4301,1252,2789,644,435,294,1513,1093,1121,1757,1175,1230,264,103658
South Norfolk,E07000149,54367,12990,29579,124012,120798,183,1214,433,64,60,325,388,378,169,124012,57480,44400,16575,4297,1260,31755,1285,133,4319,181,308,4603,5092,1863,1022,1069,1688,438,2127,1410,1613,1738,1726,1140,217,124012
South Northamptonshire,E07000155,34323,6597,18915,85189,82561,11,1003,592,81,52,149,255,376,109,85189,43204,29703,9378,2247,657,24176,626,27,3565,119,215,3098,4320,1505,734,1446,872,275,1880,1241,1155,1080,664,1354,129,85189
South Oxfordshire,E07000179,61683,12563,34755,134257,128858,135,1801,814,194,179,443,775,768,290,134257,70571,44779,14409,3517,981,37187,512,94,3593,385,528,4600,5383,1949,1398,3378,1128,483,4247,1817,2881,1991,1311,1509,204,134257
South Ribble,E07000126,49069,9912,30499,109057,105830,17,1174,798,241,26,282,265,268,156,109057,52009,37211,14240,4473,1124,28782,279,24,5242,205,463,3920,4864,1948,884,1070,620,349,1472,1335,2629,1375,1242,861,225,109057
South Somerset,E07000189,77724,17383,44566,161243,157982,148,1158,342,87,90,378,512,357,189,161243,73277,57906,22282,6115,1663,42308,1549,68,9451,187,385,5742,6883,2174,1486,1275,488,402,1894,1776,3902,1715,1488,1443,162,161243
South Staffordshire,E07000196,36453,8716,18968,108131,103572,128,1495,1435,170,17,204,296,578,236,108131,49032,38390,14901,4435,1373,28019,407,36,4949,255,379,4488,4905,1535,887,936,871,377,1543,1227,1744,1411,1108,961,251,108131
South Tyneside,E08000023,50317,13140,29787,148127,142090,9,1325,643,434,1534,235,465,420,972,148127,63345,48861,23700,9394,2827,33531,60,499,5995,351,359,4809,4533,3017,1415,1071,691,404,1420,1696,2677,1730,1783,1021,448,148127
Southampton,E06000045,112852,25137,66826,236882,203187,341,5678,6742,3019,1401,3449,5281,5067,2717,236882,112653,82880,29278,9223,2848,60632,143,65,7218,458,634,8046,10349,5974,3525,2527,2128,586,3499,3181,2369,4140,3567,2223,342,236882
Southend-on-Sea,E06000033,72074,19455,37292,173658,158861,162,3651,1810,1059,933,1084,1554,3647,897,173658,78341,60929,24420,7778,2190,43401,105,26,4239,174,440,5914,6190,3299,1984,1915,4689,660,2463,2198,2453,2276,2371,2005,607,173658
Southwark,E09000028,183496,24919,126099,288283,156086,263,17778,5819,1623,3912,8074,7764,77511,9453,288283,154204,90004,29935,10544,3596,77077,43,92,1773,177,319,5062,7393,4364,6559,6714,7973,1254,10275,6063,3677,4680,5233,5426,419,288283
Spelthorne,E07000213,41012,7459,24905,95598,83263,192,2382,4013,656,259,621,1746,1545,921,95598,45929,34239,11509,3085,836,26489,39,115,1768,263,281,3154,3864,5118,1009,2264,842,310,1634,1520,1537,897,748,1126,204,95598
St Albans,E07000240,61531,13656,33314,140664,124215,165,3904,2210,1149,2633,1149,1870,2388,981,140664,77531,44813,13802,3521,997,38046,131,58,2457,155,241,3740,5599,1932,1405,3865,3395,629,5424,1744,1720,2202,1624,1725,320,140664
St Edmundsbury,E07000204,58400,13437,34909,111008,106537,78,1404,599,123,126,298,678,902,263,111008,52543,39656,14081,3695,1033,30514,643,28,5358,205,262,3742,4992,2072,1199,1030,631,309,1757,1511,2676,1255,1520,1324,116,111008
St. Helens,E08000013,64928,15415,39439,175308,171808,69,1179,504,133,122,512,493,248,240,175308,78620,55983,26198,11364,3143,40707,159,67,6512,372,766,5823,7229,3759,1313,1309,826,566,1737,2139,2394,2003,2375,1358,503,175308
Stafford,E07000197,67178,15423,40267,130869,124189,119,1694,1359,369,128,503,929,1107,472,130869,60366,46574,17316,5118,1495,34298,865,42,4871,523,381,3940,5630,2320,1329,1433,652,312,1811,1458,3295,1987,2040,1409,320,130869
Staffordshire Moorlands,E07000198,34851,8092,17817,97106,95790,35,602,136,87,2,108,169,120,57,97106,42874,34050,14432,4420,1330,25184,811,131,5398,191,300,3676,3813,1642,755,619,797,277,1165,1052,1089,1208,1106,1154,268,97106
Stevenage,E07000243,44839,9611,27847,83957,73531,67,2265,1626,489,536,635,1562,2836,410,83957,39514,29953,10652,2984,854,22608,29,6,2982,132,194,3571,4285,1802,906,1539,686,190,1251,1197,1144,736,1009,949,153,83957
Stockport,E08000007,125903,28600,73480,283275,260761,58,5104,2786,6673,705,1722,1876,1958,1632,283275,135500,94251,37601,12505,3418,70877,113,85,8787,567,583,8811,11821,5472,2727,3882,3336,1017,5808,3804,3379,4068,3887,2730,654,283275
Stockton-on-Tees,E06000004,86322,21894,52530,191610,181156,143,1997,1488,3072,132,866,1074,1133,549,191610,88811,64282,26385,9296,2836,44908,169,584,6796,780,554,6398,7326,3230,1753,1382,1010,461,3107,2131,3005,2367,2505,1350,438,191610
Stoke-on-Trent,E06000021,114156,26817,70321,249008,220529,183,4491,2329,10429,1097,1224,3363,3741,1622,249008,104510,86311,38179,15356,4652,58539,100,158,11070,596,606,7866,11603,5910,2664,1462,1196,506,1601,2886,2165,2288,3122,2740,716,249008
Stratford-on-Avon,E07000221,63398,12222,36507,120485,117134,173,1258,564,74,13,391,424,264,190,120485,58094,41966,15315,4049,1061,31858,988,30,4473,258,381,3719,5353,1616,1759,1815,1170,465,2857,1691,1361,1527,1004,1391,270,120485
Stroud,E07000082,50092,10999,27085,112779,110369,57,1216,177,28,53,193,300,260,126,112779,53779,39711,14441,3783,1065,30419,558,113,5484,629,453,4258,4237,1415,1031,1642,920,325,2402,1369,1539,1662,1335,1047,173,112779
Suffolk Coastal,E07000205,54351,11969,30774,124298,119925,51,1513,769,115,145,463,540,556,221,124298,57526,44087,17122,4427,1136,30981,943,47,2469,737,297,3579,4268,4120,1310,2397,1108,343,1566,1353,2318,1461,1310,1355,253,124298
Sunderland,E08000024,126089,29658,80199,275506,264212,70,1778,1736,669,2075,1536,1320,1273,837,275506,117365,90557,43951,18155,5478,62514,97,416,11459,987,834,8492,9632,5122,2823,1861,1709,986,2127,3001,4261,3242,3314,2151,775,275506
Surrey Heath,E07000214,43918,8964,26226,86144,77530,162,1626,1713,667,298,535,2176,861,576,86144,46062,28683,8613,2148,638,24164,50,95,2152,135,218,2717,3563,1910,975,2669,1100,337,2134,1386,1855,858,957,1053,228,86144
Sutton,E09000029,72286,15863,38807,190146,149256,193,7134,6454,2595,1183,2240,9563,9120,2408,190146,92668,67563,22127,6072,1716,51003,58,87,2548,286,442,8360,7559,4305,1793,3637,3095,735,3906,2853,3587,2387,3017,2348,455,190146
Swale,E07000113,52439,11920,29553,135835,130425,730,1575,545,107,206,233,398,1395,221,135835,60198,48719,19118,6008,1792,33604,567,36,4934,272,555,5842,5355,3169,1084,1007,1135,326,1571,1669,2407,1471,1139,1065,401,135835
Swindon,E06000030,108642,22386,70540,209156,187718,180,4226,6901,1292,936,954,3282,2861,806,209156,100931,73591,25056,7556,2022,59034,185,64,9629,654,730,7239,10258,5360,2314,3966,3655,424,3026,3312,2810,1908,1625,1875,317,209156
Tameside,E08000008,79528,17955,47183,219324,199391,38,3159,3668,4910,4296,951,728,1784,399,219324,96404,73918,33009,12492,3501,53107,77,42,9920,484,742,7548,9286,4407,2075,1754,1824,778,2417,2742,2722,2136,2283,1870,641,219324
Tamworth,E07000199,30315,7506,17689,76813,74752,9,803,386,47,38,150,142,393,93,76813,35029,27064,10314,3399,1007,20213,50,73,4025,149,223,2643,4177,2526,688,680,486,113,748,997,790,697,451,697,193,76813
Tandridge,E07000215,33114,7230,16813,82998,77594,286,1789,746,139,102,418,759,882,283,82998,41916,28514,9450,2403,715,21975,159,34,1361,121,210,3345,3052,1426,693,1415,2018,363,2163,1293,1349,979,999,995,210,82998
Taunton Deane,E07000190,59898,15064,34046,110187,106923,193,1010,324,59,108,448,669,286,167,110187,51946,38014,14854,4225,1148,28004,673,33,2988,330,414,3594,4993,1479,1144,913,617,295,1797,1325,2732,1534,2144,999,181,110187
Teignbridge,E07000045,50050,12028,24861,124220,122045,118,925,165,17,78,347,286,117,122,124220,55819,43342,18237,5268,1554,30456,710,244,3003,252,408,4752,5353,1842,1742,926,614,428,1884,1523,2014,1579,1966,1216,105,124220
Telford and Wrekin,E06000020,83177,17296,54245,166641,154249,166,2983,3076,2243,162,647,863,1779,473,166641,76439,57198,22609,8023,2372,42122,512,73,9908,348,617,4420,6711,2491,1502,2315,900,444,1468,1977,3574,1920,1651,1291,242,166641
Tendring,E07000076,44323,12282,21395,138048,134605,62,1467,323,34,111,367,440,434,205,138048,53035,49451,25052,8048,2462,28794,466,25,3009,199,412,4757,5135,3266,1337,863,932,339,1156,1452,1418,1227,1535,1266,576,138048
Test Valley,E07000093,57602,11540,35346,116398,111492,153,1494,937,141,166,434,690,487,404,116398,58222,40262,13530,3457,927,31602,641,37,4185,158,297,3801,5045,1894,1061,2161,1559,459,2276,1516,2837,1407,1186,1082,221,116398
Tewkesbury,E07000083,46180,8215,30141,81943,79596,305,776,387,55,63,158,238,255,110,81943,39036,29183,10213,2703,808,21884,433,51,3846,283,233,2544,3108,1065,906,1038,996,211,1475,1011,2225,973,776,710,176,81943
Thanet,E07000114,47538,12682,23703,134186,128007,187,2186,738,184,178,450,954,910,392,134186,54640,47109,22377,7785,2275,28293,299,14,3062,300,312,4696,4478,2302,1422,728,761,327,1389,1478,1581,1852,2091,1201,448,134186
Three Rivers,E07000102,35393,6009,20813,87317,75215,79,2002,5231,605,158,590,1409,1610,418,87317,44267,29873,9772,2672,733,23202,50,34,1539,102,229,3283,3624,1687,738,1967,1429,393,2199,1298,1441,1069,1005,1115,229,87317
Thurrock,E06000034,64202,14617,36986,157705,135121,308,3099,2234,534,682,828,1649,12323,927,157705,76012,54788,19389,5888,1628,41616,91,44,4622,453,756,6603,7770,5940,1365,1539,2260,402,1692,2305,1869,1277,1411,1217,447,157705
Tonbridge and Malling,E07000115,60126,12604,36244,120805,115522,350,1677,755,165,236,496,779,421,404,120805,60306,41475,14263,3728,1033,31691,262,56,3032,212,480,4858,5222,2226,976,1666,2565,384,2447,1696,1811,1464,1177,1157,244,120805
Torbay,E06000027,52544,14743,25483,130959,127662,37,1420,403,79,99,261,511,251,236,130959,54614,45098,21355,7625,2267,29353,256,55,2960,206,355,4656,5337,1807,2893,706,497,418,1239,1388,1645,1359,2203,1373,149,130959
Torridge,E07000046,24610,6146,10601,63839,62967,54,429,39,3,17,126,86,51,67,63839,27787,22242,9843,3128,839,15550,1615,43,2575,77,168,2650,2508,818,712,291,153,171,638,640,631,655,686,519,44,63839
Tower Hamlets,E09000030,234726,25912,178052,254096,114644,175,10360,6787,2442,81377,8109,5786,18629,5787,254096,128468,83209,27062,11228,4129,70041,27,79,1857,148,220,3146,7391,3740,8077,6504,11847,1143,8939,3453,2448,3879,3364,3779,500,254096
Trafford,E08000009,129951,24621,82456,226578,193794,40,6031,6306,7027,457,2232,1951,6540,2200,226578,115496,71694,27549,9273,2566,57838,92,77,6145,470,533,6128,9196,4064,2561,3765,3032,926,5648,3336,2610,3296,3614,2345,471,226578
Tunbridge Wells,E07000116,54985,12294,29973,115049,108917,322,1893,736,175,513,552,927,638,376,115049,59156,38656,12788,3550,899,30865,481,55,2055,155,218,3924,4751,1594,1372,2081,3311,433,3113,1657,1214,1541,1628,1282,209,115049
Uttlesford,E07000077,40286,8524,22473,79443,76639,122,977,284,40,186,202,410,417,166,79443,41746,26483,8620,2067,527,22004,462,16,2507,67,187,3140,3247,1734,682,1097,1501,309,2080,1182,1375,1065,642,711,129,79443
Vale of White Horse,E07000180,62253,11382,39680,120988,114715,109,1574,842,350,185,649,936,1230,398,120988,62738,41117,13063,3163,907,33743,431,87,3595,365,393,4258,4641,1555,1068,2559,741,408,3947,1445,3094,2700,1081,1375,187,120988
Wakefield,E08000036,151142,35830,93494,325837,310655,302,2928,1540,4896,32,853,1177,2512,942,325837,139288,110920,50595,19507,5527,79789,395,665,12669,1161,1111,11468,16436,7305,2693,2158,2025,1037,3044,3912,4671,3038,3685,2316,802,325837
Walsall,E08000030,105000,25234,62784,269323,212182,287,7224,16502,14289,5194,993,4044,6369,2239,269323,113525,94650,41653,14968,4527,60467,87,49,12261,387,930,8564,11787,5436,2414,1463,1448,784,2121,2800,2589,2715,2772,1860,880,269323
Waltham Forest,E09000031,79221,16683,37400,258249,134430,369,13766,9134,26347,4632,2579,11697,44791,10504,258249,121652,91954,31133,10053,3457,65849,29,34,3002,207,542,10347,9743,5595,5130,4024,2948,1159,4158,4264,3122,4167,3585,3793,543,258249
Wandsworth,E09000032,117924,19493,67215,306995,219053,163,15241,8642,9718,1493,3715,9770,32756,6444,306995,176198,91935,27299,8749,2814,91012,48,317,2389,354,262,6235,8585,4217,5410,9802,12201,2427,15356,5026,3973,4495,4449,5466,447,306995
Warrington,E06000007,114983,24156,74501,202228,193926,66,2144,1803,1179,152,849,928,694,487,202228,100734,66223,24446,8466,2359,52424,176,75,6707,607,1123,6246,9144,4802,2064,3215,1608,554,3957,2801,2872,2130,2463,1880,514,202228
Warwick,E07000222,77726,15226,49341,137648,122674,41,2803,6745,480,69,1155,1496,973,1212,137648,69660,46720,15719,4275,1274,36788,229,25,5526,692,354,3218,5625,1760,1797,2891,1054,411,3818,1607,1692,2759,1816,1514,242,137648
Watford,E07000103,51469,10441,31197,90301,64885,61,3104,4923,6082,362,822,3981,5229,852,90301,45200,31453,9911,2931,806,25454,25,19,1835,105,229,3105,4474,2424,1215,2195,1144,330,1833,1548,1228,1146,1400,1199,237,90301
Waveney,E07000206,44953,12766,23417,115254,112498,91,1215,180,56,96,308,319,369,122,115254,47348,41820,18541,5829,1716,26061,578,485,4456,509,353,4090,4196,1603,1472,486,460,261,1475,1155,1249,1186,1079,968,249,115254
Waverley,E07000216,52153,11400,26706,121572,116550,167,1623,533,246,169,623,712,538,411,121572,65068,39777,12768,3078,881,31643,235,119,2169,169,179,3786,4427,1460,1193,3192,2155,520,3990,1869,1486,1955,1214,1525,300,121572
Wealden,E07000065,55601,12340,25535,148915,144805,368,1428,459,52,217,411,580,343,252,148915,70867,52009,19408,5198,1433,37600,782,45,3233,199,385,6313,6135,2028,1537,1782,2225,541,2948,2142,1848,1819,1963,1675,374,148915
Wellingborough,E07000156,34351,6986,21736,75356,65699,89,2158,3097,278,538,174,376,2696,251,75356,32913,27907,10687,2973,876,19253,139,20,3561,87,219,2472,4070,1981,602,749,557,131,876,994,855,790,566,584,151,75356
Welwyn Hatfield,E07000241,68426,12558,44767,110535,92781,155,2797,3526,734,465,1914,2065,4989,1109,110535,56252,37488,12427,3431,937,28016,90,31,2553,121,302,3254,6033,1970,1155,1980,1360,355,2131,1548,1239,1415,1279,1200,246,110535
West Berkshire,E06000037,87006,15350,56166,153822,145690,164,2420,1675,473,225,659,776,1376,364,153822,79432,53069,16456,3818,1047,43640,562,105,4574,424,562,5439,6821,2434,1569,5775,1550,584,3642,2249,2758,1674,1116,1802,223,153822
West Devon,E07000047,21560,5200,9361,53553,52709,21,402,57,4,17,93,129,59,62,53553,24556,18599,7646,2120,632,13105,1008,63,1570,79,193,1798,1919,724,785,384,182,161,772,506,941,750,756,514,30,53553
West Dorset,E07000052,52101,13114,26902,99264,97180,104,770,242,59,87,242,304,169,107,99264,44070,35640,14604,3878,1072,23910,1378,75,3031,85,282,3400,3488,983,1357,698,352,391,1453,1162,2130,1288,1349,1008,138,99264
West Lancashire,E07000127,49510,10729,29405,110685,108595,8,866,411,85,13,190,214,174,129,110685,52675,36226,14800,5380,1604,26687,948,48,4100,107,361,3306,4677,2161,1061,863,778,262,1390,1233,1426,1520,1517,929,261,110685
West Lindsey,E07000142,31075,7464,16500,89250,87439,161,630,370,64,0,130,164,224,68,89250,39293,32075,13100,3790,992,21948,1303,112,3613,416,333,3066,3425,1513,645,474,307,231,1030,900,1678,1131,1097,674,161,89250
West Oxfordshire,E07000181,48222,9226,28291,104779,101287,182,1263,354,95,152,310,513,437,186,104779,53984,35438,11685,2942,730,29919,524,75,3757,153,305,4028,4368,1404,1109,1833,644,403,2375,1255,3396,1948,993,1349,179,104779
West Somerset,E07000191,14929,3384,7182,34675,34214,14,208,32,2,25,26,107,20,27,34675,14080,12620,5741,1756,478,8055,614,16,723,150,108,1042,1193,377,1105,170,113,127,338,463,333,359,362,462,32,34675
Westminster,E09000033,579739,59133,446971,219396,135254,76,11395,7213,2328,6299,5917,10105,16472,24337,219396,118808,65807,22027,9263,3491,62641,48,335,1408,226,182,2551,5567,2187,4454,5547,13076,2004,10119,2595,2625,2556,2724,4437,358,219396
Weymouth and Portland,E07000053,21283,6603,9710,65167,63432,48,653,97,21,93,173,256,321,73,65167,27562,23933,9802,2952,918,15874,115,78,2085,75,243,2248,2261,962,1291,414,172,217,755,652,2203,688,788,627,68,65167
Wigan,E08000010,117725,28107,68025,317849,309042,151,2756,1019,676,109,891,824,1678,703,317849,144283,103934,46797,18112,4723,79220,202,120,13513,595,1311,13419,13947,6703,2723,2536,1749,722,3270,4407,4611,3383,3313,2696,907,317849
Wiltshire,E06000054,222448,47635,130704,470981,454214,757,5568,1547,215,595,1210,2611,3228,1036,470981,234318,160362,57221,14974,4106,128455,2988,211,15949,767,1373,15240,18192,6666,5051,7170,3725,1462,8726,5878,20678,5496,4335,4548,773,470981
Winchester,E07000094,75566,15174,46460,116595,111314,263,1626,665,92,222,745,915,457,296,116595,62025,38219,12354,3135,862,30063,635,46,2554,163,267,3252,3864,1538,1394,2715,1306,456,2992,1501,2589,1948,1651,1192,190,116595
Windsor and Maidenhead,E06000040,76112,13783,46651,144560,124286,219,3315,5860,4238,393,1071,2286,1725,1167,144560,78802,46571,14234,3872,1081,39677,153,156,3600,325,330,3546,5448,2984,1956,5328,1523,623,4098,2226,2328,1878,1120,2055,313,144560
Wirral,E08000015,112249,30584,61390,319783,310079,77,3286,1344,226,851,1653,1042,695,530,319783,148028,102085,45687,18448,5535,71103,147,179,11236,557,998,8645,10237,5049,2957,2428,2292,1060,4606,3463,5297,4251,4938,2763,896,319783
Woking,E07000217,44230,8392,26254,99198,82775,151,2335,2328,5682,450,870,2132,1383,1092,99198,51360,34291,10184,2602,761,28025,53,130,2125,134,240,2775,4247,2195,1059,2979,1929,339,3050,1679,1444,1020,1128,1499,186,99198
Wokingham,E06000041,69107,12844,41998,154380,136234,291,3182,5331,2865,222,1203,1817,2093,1142,154380,83759,51808,14566,3310,937,43417,189,187,3703,510,369,4602,6418,2304,1215,7178,1979,508,4447,2142,2392,2215,1325,1734,267,154380
Wolverhampton,E08000031,108004,26040,66002,249470,169473,209,12784,32162,4415,432,1376,6575,17309,4735,249470,104263,88168,39096,13796,4147,55426,134,27,10604,445,800,6652,10168,5076,2271,1637,1520,720,2082,2644,2632,2947,3139,1928,735,249470
Worcester,E07000237,53214,13218,31557,98768,92181,113,1395,806,1923,449,391,797,473,240,98768,46851,34497,12625,3780,1015,26164,83,33,4669,264,315,2732,4405,1961,1291,1216,518,390,1524,1154,1687,1580,1327,1015,175,98768
Worthing,E07000229,49415,12360,27275,104640,98037,99,1836,783,171,544,474,1400,869,427,104640,46272,37777,15082,4355,1154,26218,116,24,3199,363,442,3333,4386,1630,1156,1371,1490,329,1506,1359,1566,1090,1799,1059,208,104640
Wychavon,E07000238,54092,11306,30820,116944,113995,462,962,463,84,94,188,300,228,168,116944,54212,41641,15608,4339,1144,30792,1006,50,5412,248,365,3970,5362,1866,1224,1302,846,402,2057,1613,1704,1270,1040,1055,248,116944
Wycombe,E07000007,80986,15110,47802,171644,139374,103,4849,2939,13091,597,949,3009,5934,799,171644,88483,58721,18456,4653,1331,46614,222,80,5466,162,596,5395,8153,3031,1904,4651,1509,624,4152,2447,2527,2153,1493,2049,326,171644
Wyre,E07000128,37730,9137,18953,107749,105756,96,664,235,70,78,315,295,130,110,107749,46601,36224,17189,5944,1791,25064,652,101,3292,186,337,3814,4050,1663,1404,818,547,221,1257,985,2199,1293,1301,944,340,107749
Wyre Forest,E07000239,37393,9684,19688,97975,94898,375,998,299,133,512,168,278,214,100,97975,42730,34481,14881,4548,1335,24436,245,21,5257,165,401,3158,4497,1783,864,826,442,348,1156,1175,1101,1025,958,1014,249,97975
York,E06000014,102927,24362,59144,198051,186462,269,2413,1531,417,370,2449,1973,1194,973,198051,98402,67709,23752,6369,1819,50608,376,59,4990,258,417,5883,7703,3714,3506,2332,2383,481,3404,2231,3446,4264,2909,2252,337,198051
